boss1@rishin.com.cn,强比科技1,测试2
boss2@rishin.com.cn,强比科技2,测试2
boss3@rishin.com.cn,强比科技3,测试2
boss4@rishin.com.cn,强比科技4,测试2
boss5@rishin.com.cn,强比科技5,测试2
boss6@rishin.com.cn,强比科技6,测试2
boss7@rishin.com.cn,强比科技7,测试2
boss8@rishin.com.cn,强比科技8,测试2
boss9@rishin.com.cn,强比科技9,测试2
boss10@rishin.com.cn,强比科技10,测试2
boss11@rishin.com.cn,强比科技11,测试2
boss12@rishin.com.cn,强比科技12,测试2
boss13@rishin.com.cn,强比科技13,测试2
boss14@rishin.com.cn,强比科技14,测试2
boss15@rishin.com.cn,强比科技15,测试2
boss16@rishin.com.cn,强比科技16,测试2
boss17@rishin.com.cn,强比科技17,测试2
boss18@rishin.com.cn,强比科技18,测试2
boss19@rishin.com.cn,强比科技19,测试2
boss20@rishin.com.cn,强比科技20,测试2
boss21@rishin.com.cn,强比科技21,测试2
boss22@rishin.com.cn,强比科技22,测试2
boss23@rishin.com.cn,强比科技23,测试2
boss24@rishin.com.cn,强比科技24,测试2
boss25@rishin.com.cn,强比科技25,测试2
boss26@rishin.com.cn,强比科技26,测试2
boss27@rishin.com.cn,强比科技27,测试2
boss28@rishin.com.cn,强比科技28,测试2
boss29@rishin.com.cn,强比科技29,测试2
boss30@rishin.com.cn,强比科技30,测试2
boss31@rishin.com.cn,强比科技31,测试2
boss32@rishin.com.cn,强比科技32,测试2
boss33@rishin.com.cn,强比科技33,测试2
boss34@rishin.com.cn,强比科技34,测试2
boss35@rishin.com.cn,强比科技35,测试2
boss36@rishin.com.cn,强比科技36,测试2
boss37@rishin.com.cn,强比科技37,测试2
boss38@rishin.com.cn,强比科技38,测试2
boss39@rishin.com.cn,强比科技39,测试2
boss40@rishin.com.cn,强比科技40,测试2
boss41@rishin.com.cn,强比科技41,测试2
boss42@rishin.com.cn,强比科技42,测试2
boss43@rishin.com.cn,强比科技43,测试2
boss44@rishin.com.cn,强比科技44,测试2
boss45@rishin.com.cn,强比科技45,测试2
boss46@rishin.com.cn,强比科技46,测试2
boss47@rishin.com.cn,强比科技47,测试2
boss48@rishin.com.cn,强比科技48,测试2
boss49@rishin.com.cn,强比科技49,测试2
boss50@rishin.com.cn,强比科技50,测试2
boss51@rishin.com.cn,强比科技51,测试2
boss52@rishin.com.cn,强比科技52,测试2
boss53@rishin.com.cn,强比科技53,测试2
boss54@rishin.com.cn,强比科技54,测试2
boss55@rishin.com.cn,强比科技55,测试2
boss56@rishin.com.cn,强比科技56,测试2
boss57@rishin.com.cn,强比科技57,测试2
boss58@rishin.com.cn,强比科技58,测试2
boss59@rishin.com.cn,强比科技59,测试2
boss60@rishin.com.cn,强比科技60,测试2
boss61@rishin.com.cn,强比科技61,测试2
boss62@rishin.com.cn,强比科技62,测试2
boss63@rishin.com.cn,强比科技63,测试2
boss64@rishin.com.cn,强比科技64,测试2
boss65@rishin.com.cn,强比科技65,测试2
boss66@rishin.com.cn,强比科技66,测试2
boss67@rishin.com.cn,强比科技67,测试2
boss68@rishin.com.cn,强比科技68,测试2
boss69@rishin.com.cn,强比科技69,测试2
boss70@rishin.com.cn,强比科技70,测试2
boss71@rishin.com.cn,强比科技71,测试2
boss72@rishin.com.cn,强比科技72,测试2
boss73@rishin.com.cn,强比科技73,测试2
boss74@rishin.com.cn,强比科技74,测试2
boss75@rishin.com.cn,强比科技75,测试2
boss76@rishin.com.cn,强比科技76,测试2
boss77@rishin.com.cn,强比科技77,测试2
boss78@rishin.com.cn,强比科技78,测试2
boss79@rishin.com.cn,强比科技79,测试2
boss80@rishin.com.cn,强比科技80,测试2
boss81@rishin.com.cn,强比科技81,测试2
boss82@rishin.com.cn,强比科技82,测试2
boss83@rishin.com.cn,强比科技83,测试2
boss84@rishin.com.cn,强比科技84,测试2
boss85@rishin.com.cn,强比科技85,测试2
boss86@rishin.com.cn,强比科技86,测试2
boss87@rishin.com.cn,强比科技87,测试2
boss88@rishin.com.cn,强比科技88,测试2
boss89@rishin.com.cn,强比科技89,测试2
boss90@rishin.com.cn,强比科技90,测试2
boss91@rishin.com.cn,强比科技91,测试2
boss92@rishin.com.cn,强比科技92,测试2
boss93@rishin.com.cn,强比科技93,测试2
boss94@rishin.com.cn,强比科技94,测试2
boss95@rishin.com.cn,强比科技95,测试2
boss96@rishin.com.cn,强比科技96,测试2
boss97@rishin.com.cn,强比科技97,测试2
boss98@rishin.com.cn,强比科技98,测试2
boss99@rishin.com.cn,强比科技99,测试2
boss100@rishin.com.cn,强比科技100,测试2
boss101@rishin.com.cn,强比科技101,测试2
boss102@rishin.com.cn,强比科技102,测试2
boss103@rishin.com.cn,强比科技103,测试2
boss104@rishin.com.cn,强比科技104,测试2
boss105@rishin.com.cn,强比科技105,测试2
boss106@rishin.com.cn,强比科技106,测试2
boss107@rishin.com.cn,强比科技107,测试2
boss108@rishin.com.cn,强比科技108,测试2
boss109@rishin.com.cn,强比科技109,测试2
boss110@rishin.com.cn,强比科技110,测试2
boss111@rishin.com.cn,强比科技111,测试2
boss112@rishin.com.cn,强比科技112,测试2
boss113@rishin.com.cn,强比科技113,测试2
boss114@rishin.com.cn,强比科技114,测试2
boss115@rishin.com.cn,强比科技115,测试2
boss116@rishin.com.cn,强比科技116,测试2
boss117@rishin.com.cn,强比科技117,测试2
boss118@rishin.com.cn,强比科技118,测试2
boss119@rishin.com.cn,强比科技119,测试2
boss120@rishin.com.cn,强比科技120,测试2
boss121@rishin.com.cn,强比科技121,测试2
boss122@rishin.com.cn,强比科技122,测试2
boss123@rishin.com.cn,强比科技123,测试2
boss124@rishin.com.cn,强比科技124,测试2
boss125@rishin.com.cn,强比科技125,测试2
boss126@rishin.com.cn,强比科技126,测试2
boss127@rishin.com.cn,强比科技127,测试2
boss128@rishin.com.cn,强比科技128,测试2
boss129@rishin.com.cn,强比科技129,测试2
boss130@rishin.com.cn,强比科技130,测试2
boss131@rishin.com.cn,强比科技131,测试2
boss132@rishin.com.cn,强比科技132,测试2
boss133@rishin.com.cn,强比科技133,测试2
boss134@rishin.com.cn,强比科技134,测试2
boss135@rishin.com.cn,强比科技135,测试2
boss136@rishin.com.cn,强比科技136,测试2
boss137@rishin.com.cn,强比科技137,测试2
boss138@rishin.com.cn,强比科技138,测试2
boss139@rishin.com.cn,强比科技139,测试2
boss140@rishin.com.cn,强比科技140,测试2
boss141@rishin.com.cn,强比科技141,测试2
boss142@rishin.com.cn,强比科技142,测试2
boss143@rishin.com.cn,强比科技143,测试2
boss144@rishin.com.cn,强比科技144,测试2
boss145@rishin.com.cn,强比科技145,测试2
boss146@rishin.com.cn,强比科技146,测试2
boss147@rishin.com.cn,强比科技147,测试2
boss148@rishin.com.cn,强比科技148,测试2
boss149@rishin.com.cn,强比科技149,测试2
boss150@rishin.com.cn,强比科技150,测试2
boss151@rishin.com.cn,强比科技151,测试2
boss152@rishin.com.cn,强比科技152,测试2
boss153@rishin.com.cn,强比科技153,测试2
boss154@rishin.com.cn,强比科技154,测试2
boss155@rishin.com.cn,强比科技155,测试2
boss156@rishin.com.cn,强比科技156,测试2
boss157@rishin.com.cn,强比科技157,测试2
boss158@rishin.com.cn,强比科技158,测试2
boss159@rishin.com.cn,强比科技159,测试2
boss160@rishin.com.cn,强比科技160,测试2
boss161@rishin.com.cn,强比科技161,测试2
boss162@rishin.com.cn,强比科技162,测试2
boss163@rishin.com.cn,强比科技163,测试2
boss164@rishin.com.cn,强比科技164,测试2
boss165@rishin.com.cn,强比科技165,测试2
boss166@rishin.com.cn,强比科技166,测试2
boss167@rishin.com.cn,强比科技167,测试2
boss168@rishin.com.cn,强比科技168,测试2
boss169@rishin.com.cn,强比科技169,测试2
boss170@rishin.com.cn,强比科技170,测试2
boss171@rishin.com.cn,强比科技171,测试2
boss172@rishin.com.cn,强比科技172,测试2
boss173@rishin.com.cn,强比科技173,测试2
boss174@rishin.com.cn,强比科技174,测试2
boss175@rishin.com.cn,强比科技175,测试2
boss176@rishin.com.cn,强比科技176,测试2
boss177@rishin.com.cn,强比科技177,测试2
boss178@rishin.com.cn,强比科技178,测试2
boss179@rishin.com.cn,强比科技179,测试2
boss180@rishin.com.cn,强比科技180,测试2
boss181@rishin.com.cn,强比科技181,测试2
boss182@rishin.com.cn,强比科技182,测试2
boss183@rishin.com.cn,强比科技183,测试2
boss184@rishin.com.cn,强比科技184,测试2
boss185@rishin.com.cn,强比科技185,测试2
boss186@rishin.com.cn,强比科技186,测试2
boss187@rishin.com.cn,强比科技187,测试2
boss188@rishin.com.cn,强比科技188,测试2
boss189@rishin.com.cn,强比科技189,测试2
boss190@rishin.com.cn,强比科技190,测试2
boss191@rishin.com.cn,强比科技191,测试2
boss192@rishin.com.cn,强比科技192,测试2
boss193@rishin.com.cn,强比科技193,测试2
boss194@rishin.com.cn,强比科技194,测试2
boss195@rishin.com.cn,强比科技195,测试2
boss196@rishin.com.cn,强比科技196,测试2
boss197@rishin.com.cn,强比科技197,测试2
boss198@rishin.com.cn,强比科技198,测试2
boss199@rishin.com.cn,强比科技199,测试2
boss200@rishin.com.cn,强比科技200,测试2
boss201@rishin.com.cn,强比科技201,测试2
boss202@rishin.com.cn,强比科技202,测试2
boss203@rishin.com.cn,强比科技203,测试2
boss204@rishin.com.cn,强比科技204,测试2
boss205@rishin.com.cn,强比科技205,测试2
boss206@rishin.com.cn,强比科技206,测试2
boss207@rishin.com.cn,强比科技207,测试2
boss208@rishin.com.cn,强比科技208,测试2
boss209@rishin.com.cn,强比科技209,测试2
boss210@rishin.com.cn,强比科技210,测试2
boss211@rishin.com.cn,强比科技211,测试2
boss212@rishin.com.cn,强比科技212,测试2
boss213@rishin.com.cn,强比科技213,测试2
boss214@rishin.com.cn,强比科技214,测试2
boss215@rishin.com.cn,强比科技215,测试2
boss216@rishin.com.cn,强比科技216,测试2
boss217@rishin.com.cn,强比科技217,测试2
boss218@rishin.com.cn,强比科技218,测试2
boss219@rishin.com.cn,强比科技219,测试2
boss220@rishin.com.cn,强比科技220,测试2
boss221@rishin.com.cn,强比科技221,测试2
boss222@rishin.com.cn,强比科技222,测试2
boss223@rishin.com.cn,强比科技223,测试2
boss224@rishin.com.cn,强比科技224,测试2
boss225@rishin.com.cn,强比科技225,测试2
boss226@rishin.com.cn,强比科技226,测试2
boss227@rishin.com.cn,强比科技227,测试2
boss228@rishin.com.cn,强比科技228,测试2
boss229@rishin.com.cn,强比科技229,测试2
boss230@rishin.com.cn,强比科技230,测试2
boss231@rishin.com.cn,强比科技231,测试2
boss232@rishin.com.cn,强比科技232,测试2
boss233@rishin.com.cn,强比科技233,测试2
boss234@rishin.com.cn,强比科技234,测试2
boss235@rishin.com.cn,强比科技235,测试2
boss236@rishin.com.cn,强比科技236,测试2
boss237@rishin.com.cn,强比科技237,测试2
boss238@rishin.com.cn,强比科技238,测试2
boss239@rishin.com.cn,强比科技239,测试2
boss240@rishin.com.cn,强比科技240,测试2
boss241@rishin.com.cn,强比科技241,测试2
boss242@rishin.com.cn,强比科技242,测试2
boss243@rishin.com.cn,强比科技243,测试2
boss244@rishin.com.cn,强比科技244,测试2
boss245@rishin.com.cn,强比科技245,测试2
boss246@rishin.com.cn,强比科技246,测试2
boss247@rishin.com.cn,强比科技247,测试2
boss248@rishin.com.cn,强比科技248,测试2
boss249@rishin.com.cn,强比科技249,测试2
boss250@rishin.com.cn,强比科技250,测试2
boss251@rishin.com.cn,强比科技251,测试2
boss252@rishin.com.cn,强比科技252,测试2
boss253@rishin.com.cn,强比科技253,测试2
boss254@rishin.com.cn,强比科技254,测试2
boss255@rishin.com.cn,强比科技255,测试2
boss256@rishin.com.cn,强比科技256,测试2
boss257@rishin.com.cn,强比科技257,测试2
boss258@rishin.com.cn,强比科技258,测试2
boss259@rishin.com.cn,强比科技259,测试2
boss260@rishin.com.cn,强比科技260,测试2
boss261@rishin.com.cn,强比科技261,测试2
boss262@rishin.com.cn,强比科技262,测试2
boss263@rishin.com.cn,强比科技263,测试2
boss264@rishin.com.cn,强比科技264,测试2
boss265@rishin.com.cn,强比科技265,测试2
boss266@rishin.com.cn,强比科技266,测试2
boss267@rishin.com.cn,强比科技267,测试2
boss268@rishin.com.cn,强比科技268,测试2
boss269@rishin.com.cn,强比科技269,测试2
boss270@rishin.com.cn,强比科技270,测试2
boss271@rishin.com.cn,强比科技271,测试2
boss272@rishin.com.cn,强比科技272,测试2
boss273@rishin.com.cn,强比科技273,测试2
boss274@rishin.com.cn,强比科技274,测试2
boss275@rishin.com.cn,强比科技275,测试2
boss276@rishin.com.cn,强比科技276,测试2
boss277@rishin.com.cn,强比科技277,测试2
boss278@rishin.com.cn,强比科技278,测试2
boss279@rishin.com.cn,强比科技279,测试2
boss280@rishin.com.cn,强比科技280,测试2
boss281@rishin.com.cn,强比科技281,测试2
boss282@rishin.com.cn,强比科技282,测试2
boss283@rishin.com.cn,强比科技283,测试2
boss284@rishin.com.cn,强比科技284,测试2
boss285@rishin.com.cn,强比科技285,测试2
boss286@rishin.com.cn,强比科技286,测试2
boss287@rishin.com.cn,强比科技287,测试2
boss288@rishin.com.cn,强比科技288,测试2
boss289@rishin.com.cn,强比科技289,测试2
boss290@rishin.com.cn,强比科技290,测试2
boss291@rishin.com.cn,强比科技291,测试2
boss292@rishin.com.cn,强比科技292,测试2
boss293@rishin.com.cn,强比科技293,测试2
boss294@rishin.com.cn,强比科技294,测试2
boss295@rishin.com.cn,强比科技295,测试2
boss296@rishin.com.cn,强比科技296,测试2
boss297@rishin.com.cn,强比科技297,测试2
boss298@rishin.com.cn,强比科技298,测试2
boss299@rishin.com.cn,强比科技299,测试2
boss300@rishin.com.cn,强比科技300,测试2
